{
  "celebrity_deaths-Greedy-QA": 0.18859649122807018,
  "celebrity_deaths-Greedy-Cloze": 0.14912280701754385,
  "celebrity_deaths-Greedy-BG-Probe": 0.043859649122807015,
  "celebrity_diagnosis-Greedy-QA": 0.0,
  "celebrity_diagnosis-Greedy-Cloze": 0.038461538461538464,
  "celebrity_diagnosis-Greedy-BG-Probe": 0.07692307692307693,
  "MCQ-llh-mcqs_diagnosis_id": 0.28846153846153844,
  "MCQ-llh-mcqs_diagnosis_att": 0.23529411764705882,
  "MCQ-llh-mcqs_deaths_id_eq": 0.3508771929824561,
  "MCQ-llh-mcqs_deaths_att": 0.4780701754385965,
  "MCQ-llh-mcqs_deaths_id_sim": 0.17543859649122806
}